0; 16; 608.0
0; 16; 608.0
0; 16; 608.0
0; 16; 609.0
0; 16; 609.0
0; 16; 609.0
0; 16; 610.0
0; 16; 610.0
0; 16; 610.0
0; 16; 611.0
0; 16; 611.0
0; 16; 611.0
0; 16; 611.0
0; 16; 612.0
0; 16; 612.0
0; 16; 612.0
0; 16; 612.0
0; 16; 612.0
0; 16; 612.0
0; 16; 612.0
0; 16; 613.0
0; 16; 614.0
0; 16; 614.0
0; 16; 614.0
0; 16; 615.0
0; 16; 616.0
0; 16; 617.0
0; 16; 617.0
0; 16; 618.0
0; 16; 618.0
0; 16; 619.0
0; 16; 620.0
0; 16; 620.0
0; 16; 621.0
0; 16; 622.0
0; 16; 622.0
0; 16; 623.0
0; 16; 624.0
0; 16; 624.0
0; 16; 624.0
0; 16; 625.0
0; 16; 626.0
0; 16; 626.0
0; 16; 627.0
0; 16; 628.0
0; 16; 628.0
0; 16; 629.0
0; 16; 629.0
0; 16; 631.0
0; 16; 635.0
0; 20; 575.0
0; 20; 578.0
0; 20; 578.0
0; 20; 578.0
0; 20; 579.0
0; 20; 579.0
0; 20; 579.0
0; 20; 580.0
0; 20; 580.0
0; 20; 581.0
0; 20; 581.0
0; 20; 581.0
0; 20; 582.0
0; 20; 583.0
0; 20; 583.0
0; 20; 583.0
0; 20; 583.0
0; 20; 583.0
0; 20; 584.0
0; 20; 584.0
0; 20; 585.0
0; 20; 585.0
0; 20; 586.0
0; 20; 586.0
0; 20; 587.0
0; 20; 587.0
0; 20; 587.0
0; 20; 587.0
0; 20; 588.0
0; 20; 589.0
0; 20; 589.0
0; 20; 589.0
0; 20; 589.0
0; 20; 589.0
0; 20; 589.0
0; 20; 590.0
0; 20; 592.0
0; 20; 593.0
0; 20; 593.0
0; 20; 596.0
0; 20; 596.0
0; 20; 597.0
0; 20; 598.0
0; 20; 599.0
0; 20; 600.0
0; 20; 602.0
0; 20; 603.0
0; 20; 607.0
0; 20; 611.0
0; 20; 612.0
0; 25; 517.0
0; 25; 519.0
0; 25; 519.0
0; 25; 520.0
0; 25; 520.0
0; 25; 520.0
0; 25; 521.0
0; 25; 521.0
0; 25; 522.0
0; 25; 522.0
0; 25; 523.0
0; 25; 523.0
0; 25; 523.0
0; 25; 523.0
0; 25; 523.0
0; 25; 524.0
0; 25; 524.0
0; 25; 524.0
0; 25; 524.0
0; 25; 524.0
0; 25; 524.0
0; 25; 524.0
0; 25; 525.0
0; 25; 525.0
0; 25; 525.0
0; 25; 525.0
0; 25; 526.0
0; 25; 526.0
0; 25; 527.0
0; 25; 527.0
0; 25; 527.0
0; 25; 527.0
0; 25; 528.0
0; 25; 531.0
0; 25; 531.0
0; 25; 532.0
0; 25; 533.0
0; 25; 534.0
0; 25; 534.0
0; 25; 534.0
0; 25; 535.0
0; 25; 535.0
0; 25; 537.0
0; 25; 537.0
0; 25; 537.0
0; 25; 538.0
0; 25; 539.0
0; 25; 540.0
0; 25; 543.0
0; 25; 552.0
0; 30; 454.0
0; 30; 455.0
0; 30; 455.0
0; 30; 455.0
0; 30; 456.0
0; 30; 456.0
0; 30; 456.0
0; 30; 456.0
0; 30; 457.0
0; 30; 457.0
0; 30; 457.0
0; 30; 458.0
0; 30; 458.0
0; 30; 458.0
0; 30; 458.0
0; 30; 459.0
0; 30; 459.0
0; 30; 459.0
0; 30; 459.0
0; 30; 459.0
0; 30; 459.0
0; 30; 459.0
0; 30; 459.0
0; 30; 460.0
0; 30; 460.0
0; 30; 460.0
0; 30; 460.0
0; 30; 461.0
0; 30; 461.0
0; 30; 461.0
0; 30; 462.0
0; 30; 462.0
0; 30; 462.0
0; 30; 462.0
0; 30; 465.0
0; 30; 465.0
0; 30; 465.0
0; 30; 467.0
0; 30; 468.0
0; 30; 470.0
0; 30; 470.0
0; 30; 471.0
0; 30; 473.0
0; 30; 473.0
0; 30; 474.0
0; 30; 474.0
0; 30; 474.0
0; 30; 474.0
0; 30; 481.0
0; 30; 483.0
0; 35; 397.0
0; 35; 397.0
0; 35; 398.0
0; 35; 398.0
0; 35; 398.0
0; 35; 398.0
0; 35; 398.0
0; 35; 398.0
0; 35; 398.0
0; 35; 398.0
0; 35; 399.0
0; 35; 399.0
0; 35; 399.0
0; 35; 399.0
0; 35; 399.0
0; 35; 399.0
0; 35; 399.0
0; 35; 399.0
0; 35; 399.0
0; 35; 400.0
0; 35; 400.0
0; 35; 400.0
0; 35; 400.0
0; 35; 401.0
0; 35; 401.0
0; 35; 402.0
0; 35; 402.0
0; 35; 402.0
0; 35; 402.0
0; 35; 403.0
0; 35; 403.0
0; 35; 403.0
0; 35; 404.0
0; 35; 404.0
0; 35; 405.0
0; 35; 406.0
0; 35; 407.0
0; 35; 408.0
0; 35; 409.0
0; 35; 409.0
0; 35; 410.0
0; 35; 411.0
0; 35; 411.0
0; 35; 412.0
0; 35; 412.0
0; 35; 413.0
0; 35; 415.0
0; 35; 419.0
0; 35; 426.0
0; 35; 426.0
0; 40; 345.0
0; 40; 346.0
0; 40; 346.0
0; 40; 347.0
0; 40; 347.0
0; 40; 348.0
0; 40; 348.0
0; 40; 348.0
0; 40; 348.0
0; 40; 348.0
0; 40; 349.0
0; 40; 349.0
0; 40; 349.0
0; 40; 349.0
0; 40; 349.0
0; 40; 349.0
0; 40; 349.0
0; 40; 349.0
0; 40; 350.0
0; 40; 350.0
0; 40; 350.0
0; 40; 350.0
0; 40; 350.0
0; 40; 351.0
0; 40; 351.0
0; 40; 351.0
0; 40; 351.0
0; 40; 352.0
0; 40; 352.0
0; 40; 352.0
0; 40; 352.0
0; 40; 352.0
0; 40; 352.0
0; 40; 352.0
0; 40; 354.0
0; 40; 354.0
0; 40; 354.0
0; 40; 355.0
0; 40; 356.0
0; 40; 358.0
0; 40; 360.0
0; 40; 360.0
0; 40; 362.0
0; 40; 363.0
0; 40; 364.0
0; 40; 364.0
0; 40; 367.0
0; 40; 367.0
0; 40; 375.0
0; 40; 383.0
0; 45; 304.0
0; 45; 306.0
0; 45; 306.0
0; 45; 306.0
0; 45; 306.0
0; 45; 307.0
0; 45; 307.0
0; 45; 307.0
0; 45; 307.0
0; 45; 308.0
0; 45; 308.0
0; 45; 308.0
0; 45; 309.0
0; 45; 309.0
0; 45; 309.0
0; 45; 309.0
0; 45; 309.0
0; 45; 309.0
0; 45; 310.0
0; 45; 310.0
0; 45; 310.0
0; 45; 310.0
0; 45; 311.0
0; 45; 311.0
0; 45; 311.0
0; 45; 311.0
0; 45; 311.0
0; 45; 312.0
0; 45; 312.0
0; 45; 312.0
0; 45; 313.0
0; 45; 315.0
0; 45; 317.0
0; 45; 317.0
0; 45; 317.0
0; 45; 318.0
0; 45; 319.0
0; 45; 319.0
0; 45; 320.0
0; 45; 323.0
0; 45; 323.0
0; 45; 324.0
0; 45; 324.0
0; 45; 325.0
0; 45; 325.0
0; 45; 326.0
0; 45; 327.0
0; 45; 327.0
0; 45; 336.0
0; 45; 339.0
0; 50; 274.0
0; 50; 274.0
0; 50; 275.0
0; 50; 275.0
0; 50; 275.0
0; 50; 276.0
0; 50; 276.0
0; 50; 276.0
0; 50; 276.0
0; 50; 276.0
0; 50; 276.0
0; 50; 276.0
0; 50; 276.0
0; 50; 276.0
0; 50; 276.0
0; 50; 277.0
0; 50; 277.0
0; 50; 277.0
0; 50; 277.0
0; 50; 277.0
0; 50; 277.0
0; 50; 278.0
0; 50; 278.0
0; 50; 278.0
0; 50; 278.0
0; 50; 278.0
0; 50; 279.0
0; 50; 280.0
0; 50; 280.0
0; 50; 280.0
0; 50; 280.0
0; 50; 284.0
0; 50; 284.0
0; 50; 285.0
0; 50; 286.0
0; 50; 287.0
0; 50; 288.0
0; 50; 290.0
0; 50; 290.0
0; 50; 290.0
0; 50; 290.0
0; 50; 292.0
0; 50; 292.0
0; 50; 292.0
0; 50; 293.0
0; 50; 294.0
0; 50; 297.0
0; 50; 301.0
0; 50; 306.0
0; 50; 307.0
0; 60; 226.0
0; 60; 227.0
0; 60; 228.0
0; 60; 228.0
0; 60; 228.0
0; 60; 228.0
0; 60; 228.0
0; 60; 229.0
0; 60; 229.0
0; 60; 229.0
0; 60; 229.0
0; 60; 229.0
0; 60; 230.0
0; 60; 230.0
0; 60; 230.0
0; 60; 230.0
0; 60; 230.0
0; 60; 230.0
0; 60; 231.0
0; 60; 231.0
0; 60; 231.0
0; 60; 231.0
0; 60; 231.0
0; 60; 232.0
0; 60; 232.0
0; 60; 232.0
0; 60; 233.0
0; 60; 233.0
0; 60; 233.0
0; 60; 233.0
0; 60; 234.0
0; 60; 234.0
0; 60; 234.0
0; 60; 234.0
0; 60; 234.0
0; 60; 236.0
0; 60; 240.0
0; 60; 241.0
0; 60; 241.0
0; 60; 242.0
0; 60; 243.0
0; 60; 243.0
0; 60; 243.0
0; 60; 244.0
0; 60; 244.0
0; 60; 244.0
0; 60; 244.0
0; 60; 245.0
0; 60; 245.0
0; 60; 256.0
0; 70; 193.0
0; 70; 193.0
0; 70; 194.0
0; 70; 194.0
0; 70; 194.0
0; 70; 195.0
0; 70; 195.0
0; 70; 195.0
0; 70; 195.0
0; 70; 195.0
0; 70; 195.0
0; 70; 195.0
0; 70; 196.0
0; 70; 196.0
0; 70; 196.0
0; 70; 196.0
0; 70; 196.0
0; 70; 197.0
0; 70; 197.0
0; 70; 197.0
0; 70; 197.0
0; 70; 197.0
0; 70; 198.0
0; 70; 198.0
0; 70; 199.0
0; 70; 199.0
0; 70; 199.0
0; 70; 199.0
0; 70; 199.0
0; 70; 200.0
0; 70; 200.0
0; 70; 201.0
0; 70; 202.0
0; 70; 203.0
0; 70; 203.0
0; 70; 204.0
0; 70; 206.0
0; 70; 206.0
0; 70; 207.0
0; 70; 208.0
0; 70; 209.0
0; 70; 210.0
0; 70; 210.0
0; 70; 210.0
0; 70; 211.0
0; 70; 212.0
0; 70; 213.0
0; 70; 215.0
0; 70; 216.0
0; 70; 236.0
0; 80; 168.0
0; 80; 169.0
0; 80; 169.0
0; 80; 169.0
0; 80; 169.0
0; 80; 170.0
0; 80; 170.0
0; 80; 170.0
0; 80; 170.0
0; 80; 170.0
0; 80; 170.0
0; 80; 170.0
0; 80; 170.0
0; 80; 170.0
0; 80; 170.0
0; 80; 170.0
0; 80; 170.0
0; 80; 170.0
0; 80; 171.0
0; 80; 171.0
0; 80; 171.0
0; 80; 171.0
0; 80; 171.0
0; 80; 171.0
0; 80; 171.0
0; 80; 171.0
0; 80; 171.0
0; 80; 171.0
0; 80; 172.0
0; 80; 172.0
0; 80; 172.0
0; 80; 172.0
0; 80; 173.0
0; 80; 174.0
0; 80; 174.0
0; 80; 174.0
0; 80; 174.0
0; 80; 175.0
0; 80; 175.0
0; 80; 178.0
0; 80; 180.0
0; 80; 183.0
0; 80; 183.0
0; 80; 184.0
0; 80; 184.0
0; 80; 186.0
0; 80; 189.0
0; 80; 194.0
0; 80; 195.0
0; 80; 199.0
0; 90; 151.0
0; 90; 152.0
0; 90; 152.0
0; 90; 152.0
0; 90; 152.0
0; 90; 153.0
0; 90; 153.0
0; 90; 153.0
0; 90; 153.0
0; 90; 153.0
0; 90; 153.0
0; 90; 153.0
0; 90; 154.0
0; 90; 154.0
0; 90; 154.0
0; 90; 154.0
0; 90; 154.0
0; 90; 154.0
0; 90; 155.0
0; 90; 155.0
0; 90; 155.0
0; 90; 155.0
0; 90; 156.0
0; 90; 156.0
0; 90; 156.0
0; 90; 157.0
0; 90; 158.0
0; 90; 158.0
0; 90; 158.0
0; 90; 159.0
0; 90; 159.0
0; 90; 159.0
0; 90; 160.0
0; 90; 160.0
0; 90; 160.0
0; 90; 161.0
0; 90; 164.0
0; 90; 165.0
0; 90; 165.0
0; 90; 165.0
0; 90; 166.0
0; 90; 167.0
0; 90; 167.0
0; 90; 169.0
0; 90; 169.0
0; 90; 170.0
0; 90; 171.0
0; 90; 171.0
0; 90; 175.0
0; 90; 180.0
0; 100; 138.0
0; 100; 138.0
0; 100; 139.0
0; 100; 139.0
0; 100; 139.0
0; 100; 139.0
0; 100; 139.0
0; 100; 139.0
0; 100; 139.0
0; 100; 139.0
0; 100; 140.0
0; 100; 140.0
0; 100; 140.0
0; 100; 140.0
0; 100; 140.0
0; 100; 140.0
0; 100; 140.0
0; 100; 140.0
0; 100; 140.0
0; 100; 140.0
0; 100; 140.0
0; 100; 140.0
0; 100; 140.0
0; 100; 141.0
0; 100; 141.0
0; 100; 141.0
0; 100; 141.0
0; 100; 141.0
0; 100; 142.0
0; 100; 142.0
0; 100; 142.0
0; 100; 143.0
0; 100; 143.0
0; 100; 144.0
0; 100; 144.0
0; 100; 148.0
0; 100; 148.0
0; 100; 149.0
0; 100; 150.0
0; 100; 151.0
0; 100; 152.0
0; 100; 152.0
0; 100; 153.0
0; 100; 153.0
0; 100; 155.0
0; 100; 160.0
0; 100; 162.0
0; 100; 167.0
0; 100; 169.0
0; 100; 197.0
0; 110; 126.0
0; 110; 127.0
0; 110; 127.0
0; 110; 128.0
0; 110; 128.0
0; 110; 128.0
0; 110; 129.0
0; 110; 129.0
0; 110; 129.0
0; 110; 129.0
0; 110; 129.0
0; 110; 129.0
0; 110; 129.0
0; 110; 129.0
0; 110; 130.0
0; 110; 130.0
0; 110; 130.0
0; 110; 130.0
0; 110; 130.0
0; 110; 130.0
0; 110; 130.0
0; 110; 130.0
0; 110; 131.0
0; 110; 131.0
0; 110; 131.0
0; 110; 131.0
0; 110; 132.0
0; 110; 132.0
0; 110; 132.0
0; 110; 132.0
0; 110; 132.0
0; 110; 133.0
0; 110; 133.0
0; 110; 133.0
0; 110; 134.0
0; 110; 136.0
0; 110; 137.0
0; 110; 137.0
0; 110; 138.0
0; 110; 141.0
0; 110; 142.0
0; 110; 143.0
0; 110; 143.0
0; 110; 144.0
0; 110; 144.0
0; 110; 145.0
0; 110; 145.0
0; 110; 146.0
0; 110; 148.0
0; 110; 159.0
0; 120; 112.0
0; 120; 112.0
0; 120; 113.0
0; 120; 113.0
0; 120; 113.0
0; 120; 113.0
0; 120; 114.0
0; 120; 114.0
0; 120; 114.0
0; 120; 114.0
0; 120; 114.0
0; 120; 114.0
0; 120; 114.0
0; 120; 114.0
0; 120; 114.0
0; 120; 115.0
0; 120; 115.0
0; 120; 115.0
0; 120; 115.0
0; 120; 115.0
0; 120; 116.0
0; 120; 116.0
0; 120; 116.0
0; 120; 116.0
0; 120; 116.0
0; 120; 116.0
0; 120; 117.0
0; 120; 117.0
0; 120; 117.0
0; 120; 118.0
0; 120; 118.0
0; 120; 118.0
0; 120; 118.0
0; 120; 119.0
0; 120; 119.0
0; 120; 122.0
0; 120; 123.0
0; 120; 124.0
0; 120; 124.0
0; 120; 125.0
0; 120; 127.0
0; 120; 128.0
0; 120; 128.0
0; 120; 128.0
0; 120; 129.0
0; 120; 130.0
0; 120; 130.0
0; 120; 132.0
0; 120; 136.0
0; 120; 139.0
0; 130; 101.0
0; 130; 104.0
0; 130; 104.0
0; 130; 104.0
0; 130; 104.0
0; 130; 104.0
0; 130; 104.0
0; 130; 105.0
0; 130; 105.0
0; 130; 105.0
0; 130; 105.0
0; 130; 105.0
0; 130; 105.0
0; 130; 105.0
0; 130; 105.0
0; 130; 105.0
0; 130; 106.0
0; 130; 106.0
0; 130; 106.0
0; 130; 106.0
0; 130; 106.0
0; 130; 106.0
0; 130; 106.0
0; 130; 106.0
0; 130; 106.0
0; 130; 106.0
0; 130; 106.0
0; 130; 107.0
0; 130; 107.0
0; 130; 108.0
0; 130; 108.0
0; 130; 108.0
0; 130; 109.0
0; 130; 109.0
0; 130; 109.0
0; 130; 110.0
0; 130; 110.0
0; 130; 110.0
0; 130; 111.0
0; 130; 114.0
0; 130; 114.0
0; 130; 115.0
0; 130; 116.0
0; 130; 116.0
0; 130; 117.0
0; 130; 118.0
0; 130; 119.0
0; 130; 119.0
0; 130; 120.0
0; 130; 135.0
0; 140; 91.0
0; 140; 92.0
0; 140; 94.0
0; 140; 94.0
0; 140; 94.0
0; 140; 94.0
0; 140; 94.0
0; 140; 95.0
0; 140; 95.0
0; 140; 95.0
0; 140; 95.0
0; 140; 95.0
0; 140; 95.0
0; 140; 96.0
0; 140; 96.0
0; 140; 97.0
0; 140; 97.0
0; 140; 97.0
0; 140; 97.0
0; 140; 98.0
0; 140; 98.0
0; 140; 98.0
0; 140; 99.0
0; 140; 99.0
0; 140; 99.0
0; 140; 99.0
0; 140; 99.0
0; 140; 99.0
0; 140; 100.0
0; 140; 100.0
0; 140; 100.0
0; 140; 100.0
0; 140; 100.0
0; 140; 100.0
0; 140; 100.0
0; 140; 103.0
0; 140; 104.0
0; 140; 105.0
0; 140; 109.0
0; 140; 110.0
0; 140; 110.0
0; 140; 111.0
0; 140; 112.0
0; 140; 112.0
0; 140; 115.0
0; 140; 116.0
0; 140; 116.0
0; 140; 120.0
0; 140; 121.0
0; 140; 131.0
0; 150; 84.0
0; 150; 85.0
0; 150; 85.0
0; 150; 86.0
0; 150; 86.0
0; 150; 86.0
0; 150; 86.0
0; 150; 87.0
0; 150; 87.0
0; 150; 87.0
0; 150; 89.0
0; 150; 89.0
0; 150; 89.0
0; 150; 89.0
0; 150; 89.0
0; 150; 90.0
0; 150; 90.0
0; 150; 90.0
0; 150; 90.0
0; 150; 90.0
0; 150; 90.0
0; 150; 90.0
0; 150; 91.0
0; 150; 91.0
0; 150; 91.0
0; 150; 91.0
0; 150; 91.0
0; 150; 92.0
0; 150; 93.0
0; 150; 94.0
0; 150; 94.0
0; 150; 95.0
0; 150; 95.0
0; 150; 95.0
0; 150; 96.0
0; 150; 97.0
0; 150; 98.0
0; 150; 99.0
0; 150; 100.0
0; 150; 101.0
0; 150; 101.0
0; 150; 102.0
0; 150; 102.0
0; 150; 103.0
0; 150; 103.0
0; 150; 104.0
0; 150; 104.0
0; 150; 105.0
0; 150; 106.0
0; 150; 113.0
0; 160; 77.0
0; 160; 78.0
0; 160; 80.0
0; 160; 80.0
0; 160; 80.0
0; 160; 81.0
0; 160; 81.0
0; 160; 81.0
0; 160; 81.0
0; 160; 81.0
0; 160; 81.0
0; 160; 81.0
0; 160; 81.0
0; 160; 81.0
0; 160; 81.0
0; 160; 81.0
0; 160; 82.0
0; 160; 82.0
0; 160; 82.0
0; 160; 82.0
0; 160; 82.0
0; 160; 82.0
0; 160; 82.0
0; 160; 82.0
0; 160; 82.0
0; 160; 82.0
0; 160; 83.0
0; 160; 83.0
0; 160; 83.0
0; 160; 84.0
0; 160; 84.0
0; 160; 84.0
0; 160; 85.0
0; 160; 87.0
0; 160; 87.0
0; 160; 87.0
0; 160; 87.0
0; 160; 88.0
0; 160; 89.0
0; 160; 89.0
0; 160; 91.0
0; 160; 92.0
0; 160; 95.0
0; 160; 95.0
0; 160; 95.0
0; 160; 95.0
0; 160; 95.0
0; 160; 96.0
0; 160; 97.0
0; 160; 107.0
0; 170; 68.0
0; 170; 71.0
0; 170; 72.0
0; 170; 72.0
0; 170; 73.0
0; 170; 73.0
0; 170; 73.0
0; 170; 74.0
0; 170; 74.0
0; 170; 74.0
0; 170; 75.0
0; 170; 75.0
0; 170; 75.0
0; 170; 76.0
0; 170; 76.0
0; 170; 76.0
0; 170; 76.0
0; 170; 76.0
0; 170; 77.0
0; 170; 77.0
0; 170; 77.0
0; 170; 77.0
0; 170; 77.0
0; 170; 78.0
0; 170; 78.0
0; 170; 79.0
0; 170; 79.0
0; 170; 80.0
0; 170; 80.0
0; 170; 80.0
0; 170; 80.0
0; 170; 81.0
0; 170; 81.0
0; 170; 81.0
0; 170; 82.0
0; 170; 83.0
0; 170; 87.0
0; 170; 87.0
0; 170; 90.0
0; 170; 90.0
0; 170; 91.0
0; 170; 91.0
0; 170; 93.0
0; 170; 94.0
0; 170; 94.0
0; 170; 96.0
0; 170; 97.0
0; 170; 99.0
0; 170; 104.0
0; 170; 104.0
0; 180; 51.0
0; 180; 67.0
0; 180; 67.0
0; 180; 68.0
0; 180; 68.0
0; 180; 68.0
0; 180; 69.0
0; 180; 69.0
0; 180; 69.0
0; 180; 70.0
0; 180; 70.0
0; 180; 70.0
0; 180; 71.0
0; 180; 71.0
0; 180; 71.0
0; 180; 72.0
0; 180; 72.0
0; 180; 72.0
0; 180; 72.0
0; 180; 72.0
0; 180; 72.0
0; 180; 72.0
0; 180; 73.0
0; 180; 73.0
0; 180; 74.0
0; 180; 74.0
0; 180; 74.0
0; 180; 74.0
0; 180; 74.0
0; 180; 75.0
0; 180; 76.0
0; 180; 76.0
0; 180; 76.0
0; 180; 77.0
0; 180; 77.0
0; 180; 78.0
0; 180; 78.0
0; 180; 78.0
0; 180; 78.0
0; 180; 79.0
0; 180; 81.0
0; 180; 82.0
0; 180; 82.0
0; 180; 83.0
0; 180; 84.0
0; 180; 85.0
0; 180; 85.0
0; 180; 86.0
0; 180; 92.0
0; 180; 118.0
0; 190; 60.0
0; 190; 61.0
0; 190; 62.0
0; 190; 62.0
0; 190; 63.0
0; 190; 63.0
0; 190; 64.0
0; 190; 64.0
0; 190; 65.0
0; 190; 65.0
0; 190; 65.0
0; 190; 65.0
0; 190; 67.0
0; 190; 67.0
0; 190; 67.0
0; 190; 67.0
0; 190; 68.0
0; 190; 68.0
0; 190; 68.0
0; 190; 69.0
0; 190; 69.0
0; 190; 69.0
0; 190; 69.0
0; 190; 69.0
0; 190; 70.0
0; 190; 70.0
0; 190; 70.0
0; 190; 70.0
0; 190; 70.0
0; 190; 72.0
0; 190; 72.0
0; 190; 72.0
0; 190; 73.0
0; 190; 74.0
0; 190; 76.0
0; 190; 77.0
0; 190; 77.0
0; 190; 78.0
0; 190; 78.0
0; 190; 79.0
0; 190; 80.0
0; 190; 80.0
0; 190; 81.0
0; 190; 83.0
0; 190; 83.0
0; 190; 84.0
0; 190; 84.0
0; 190; 85.0
0; 190; 88.0
0; 190; 103.0
0; 200; 51.0
0; 200; 51.0
0; 200; 55.0
0; 200; 56.0
0; 200; 59.0
0; 200; 59.0
0; 200; 59.0
0; 200; 59.0
0; 200; 59.0
0; 200; 59.0
0; 200; 59.0
0; 200; 60.0
0; 200; 60.0
0; 200; 60.0
0; 200; 60.0
0; 200; 60.0
0; 200; 61.0
0; 200; 62.0
0; 200; 62.0
0; 200; 63.0
0; 200; 64.0
0; 200; 64.0
0; 200; 64.0
0; 200; 64.0
0; 200; 64.0
0; 200; 65.0
0; 200; 65.0
0; 200; 65.0
0; 200; 66.0
0; 200; 67.0
0; 200; 67.0
0; 200; 68.0
0; 200; 68.0
0; 200; 69.0
0; 200; 69.0
0; 200; 70.0
0; 200; 72.0
0; 200; 72.0
0; 200; 72.0
0; 200; 72.0
0; 200; 73.0
0; 200; 74.0
0; 200; 75.0
0; 200; 76.0
0; 200; 76.0
0; 200; 80.0
0; 200; 82.0
0; 200; 85.0
0; 200; 86.0
0; 200; 108.0
0; 210; 47.0
0; 210; 51.0
0; 210; 51.0
0; 210; 51.0
0; 210; 54.0
0; 210; 55.0
0; 210; 55.0
0; 210; 56.0
0; 210; 56.0
0; 210; 56.0
0; 210; 56.0
0; 210; 57.0
0; 210; 59.0
0; 210; 59.0
0; 210; 59.0
0; 210; 60.0
0; 210; 60.0
0; 210; 60.0
0; 210; 60.0
0; 210; 60.0
0; 210; 60.0
0; 210; 61.0
0; 210; 61.0
0; 210; 62.0
0; 210; 62.0
0; 210; 63.0
0; 210; 64.0
0; 210; 64.0
0; 210; 65.0
0; 210; 65.0
0; 210; 66.0
0; 210; 66.0
0; 210; 66.0
0; 210; 67.0
0; 210; 68.0
0; 210; 68.0
0; 210; 69.0
0; 210; 70.0
0; 210; 71.0
0; 210; 72.0
0; 210; 73.0
0; 210; 74.0
0; 210; 74.0
0; 210; 74.0
0; 210; 79.0
0; 210; 79.0
0; 210; 80.0
0; 210; 82.0
0; 210; 84.0
0; 210; 90.0
0; 220; 42.0
0; 220; 46.0
0; 220; 49.0
0; 220; 50.0
0; 220; 50.0
0; 220; 50.0
0; 220; 50.0
0; 220; 51.0
0; 220; 52.0
0; 220; 54.0
0; 220; 54.0
0; 220; 54.0
0; 220; 55.0
0; 220; 55.0
0; 220; 55.0
0; 220; 56.0
0; 220; 56.0
0; 220; 56.0
0; 220; 56.0
0; 220; 56.0
0; 220; 56.0
0; 220; 56.0
0; 220; 56.0
0; 220; 57.0
0; 220; 58.0
0; 220; 59.0
0; 220; 59.0
0; 220; 59.0
0; 220; 60.0
0; 220; 60.0
0; 220; 61.0
0; 220; 62.0
0; 220; 63.0
0; 220; 63.0
0; 220; 63.0
0; 220; 63.0
0; 220; 65.0
0; 220; 66.0
0; 220; 66.0
0; 220; 66.0
0; 220; 66.0
0; 220; 67.0
0; 220; 68.0
0; 220; 69.0
0; 220; 69.0
0; 220; 69.0
0; 220; 70.0
0; 220; 73.0
0; 220; 78.0
0; 220; 82.0
0; 230; 36.0
0; 230; 38.0
0; 230; 41.0
0; 230; 41.0
0; 230; 41.0
0; 230; 42.0
0; 230; 42.0
0; 230; 42.0
0; 230; 42.0
0; 230; 44.0
0; 230; 46.0
0; 230; 46.0
0; 230; 46.0
0; 230; 46.0
0; 230; 47.0
0; 230; 49.0
0; 230; 50.0
0; 230; 50.0
0; 230; 50.0
0; 230; 51.0
0; 230; 51.0
0; 230; 52.0
0; 230; 52.0
0; 230; 53.0
0; 230; 54.0
0; 230; 55.0
0; 230; 55.0
0; 230; 55.0
0; 230; 56.0
0; 230; 56.0
0; 230; 56.0
0; 230; 56.0
0; 230; 57.0
0; 230; 60.0
0; 230; 60.0
0; 230; 61.0
0; 230; 61.0
0; 230; 61.0
0; 230; 63.0
0; 230; 64.0
0; 230; 65.0
0; 230; 66.0
0; 230; 68.0
0; 230; 69.0
0; 230; 69.0
0; 230; 70.0
0; 230; 70.0
0; 230; 70.0
0; 230; 70.0
0; 230; 82.0
0; 250; 12.0
0; 250; 27.0
0; 250; 28.0
0; 250; 36.0
0; 250; 37.0
0; 250; 37.0
0; 250; 37.0
0; 250; 38.0
0; 250; 40.0
0; 250; 40.0
0; 250; 41.0
0; 250; 41.0
0; 250; 41.0
0; 250; 42.0
0; 250; 42.0
0; 250; 42.0
0; 250; 45.0
0; 250; 45.0
0; 250; 45.0
0; 250; 46.0
0; 250; 46.0
0; 250; 47.0
0; 250; 47.0
0; 250; 48.0
0; 250; 49.0
0; 250; 50.0
0; 250; 50.0
0; 250; 51.0
0; 250; 52.0
0; 250; 52.0
0; 250; 52.0
0; 250; 52.0
0; 250; 54.0
0; 250; 54.0
0; 250; 54.0
0; 250; 55.0
0; 250; 55.0
0; 250; 56.0
0; 250; 56.0
0; 250; 57.0
0; 250; 60.0
0; 250; 61.0
0; 250; 61.0
0; 250; 61.0
0; 250; 64.0
0; 250; 65.0
0; 250; 69.0
0; 250; 70.0
0; 250; 73.0
0; 250; 81.0
1; 100; 552.0
1; 100; 553.0
1; 100; 554.0
1; 100; 554.0
1; 100; 554.0
1; 100; 555.0
1; 100; 555.0
1; 100; 555.0
1; 100; 555.0
1; 100; 556.0
1; 100; 556.0
1; 100; 556.0
1; 100; 557.0
1; 100; 557.0
1; 100; 557.0
1; 100; 557.0
1; 100; 558.0
1; 100; 558.0
1; 100; 558.0
1; 100; 558.0
1; 100; 558.0
1; 100; 560.0
1; 100; 560.0
1; 100; 560.0
1; 100; 561.0
1; 100; 561.0
1; 100; 562.0
1; 100; 562.0
1; 100; 562.0
1; 100; 563.0
1; 100; 563.0
1; 100; 563.0
1; 100; 564.0
1; 100; 564.0
1; 100; 564.0
1; 100; 566.0
1; 100; 567.0
1; 100; 568.0
1; 100; 568.0
1; 100; 569.0
1; 100; 571.0
1; 100; 572.0
1; 100; 572.0
1; 100; 573.0
1; 100; 573.0
1; 100; 575.0
1; 100; 575.0
1; 100; 575.0
1; 100; 582.0
1; 100; 586.0
1; 110; 524.0
1; 110; 526.0
1; 110; 526.0
1; 110; 527.0
1; 110; 527.0
1; 110; 527.0
1; 110; 527.0
1; 110; 528.0
1; 110; 528.0
1; 110; 528.0
1; 110; 529.0
1; 110; 529.0
1; 110; 529.0
1; 110; 529.0
1; 110; 529.0
1; 110; 530.0
1; 110; 530.0
1; 110; 530.0
1; 110; 530.0
1; 110; 530.0
1; 110; 530.0
1; 110; 530.0
1; 110; 531.0
1; 110; 531.0
1; 110; 531.0
1; 110; 533.0
1; 110; 533.0
1; 110; 533.0
1; 110; 534.0
1; 110; 535.0
1; 110; 535.0
1; 110; 537.0
1; 110; 537.0
1; 110; 537.0
1; 110; 537.0
1; 110; 538.0
1; 110; 538.0
1; 110; 541.0
1; 110; 542.0
1; 110; 543.0
1; 110; 543.0
1; 110; 544.0
1; 110; 544.0
1; 110; 544.0
1; 110; 545.0
1; 110; 545.0
1; 110; 548.0
1; 110; 550.0
1; 110; 553.0
1; 110; 554.0
1; 120; 500.0
1; 120; 500.0
1; 120; 501.0
1; 120; 501.0
1; 120; 503.0
1; 120; 503.0
1; 120; 503.0
1; 120; 504.0
1; 120; 504.0
1; 120; 504.0
1; 120; 505.0
1; 120; 505.0
1; 120; 505.0
1; 120; 505.0
1; 120; 506.0
1; 120; 507.0
1; 120; 507.0
1; 120; 507.0
1; 120; 507.0
1; 120; 508.0
1; 120; 508.0
1; 120; 508.0
1; 120; 508.0
1; 120; 508.0
1; 120; 508.0
1; 120; 509.0
1; 120; 509.0
1; 120; 509.0
1; 120; 509.0
1; 120; 509.0
1; 120; 509.0
1; 120; 510.0
1; 120; 511.0
1; 120; 511.0
1; 120; 511.0
1; 120; 511.0
1; 120; 512.0
1; 120; 513.0
1; 120; 515.0
1; 120; 515.0
1; 120; 515.0
1; 120; 516.0
1; 120; 516.0
1; 120; 516.0
1; 120; 518.0
1; 120; 519.0
1; 120; 520.0
1; 120; 521.0
1; 120; 522.0
1; 120; 525.0
1; 130; 483.0
1; 130; 484.0
1; 130; 484.0
1; 130; 484.0
1; 130; 484.0
1; 130; 485.0
1; 130; 485.0
1; 130; 485.0
1; 130; 485.0
1; 130; 485.0
1; 130; 485.0
1; 130; 486.0
1; 130; 486.0
1; 130; 486.0
1; 130; 486.0
1; 130; 486.0
1; 130; 486.0
1; 130; 486.0
1; 130; 487.0
1; 130; 487.0
1; 130; 487.0
1; 130; 487.0
1; 130; 488.0
1; 130; 488.0
1; 130; 488.0
1; 130; 488.0
1; 130; 489.0
1; 130; 489.0
1; 130; 490.0
1; 130; 491.0
1; 130; 491.0
1; 130; 491.0
1; 130; 492.0
1; 130; 492.0
1; 130; 492.0
1; 130; 493.0
1; 130; 495.0
1; 130; 495.0
1; 130; 495.0
1; 130; 498.0
1; 130; 498.0
1; 130; 499.0
1; 130; 499.0
1; 130; 499.0
1; 130; 500.0
1; 130; 503.0
1; 130; 504.0
1; 130; 504.0
1; 130; 505.0
1; 130; 513.0
1; 140; 465.0
1; 140; 466.0
1; 140; 466.0
1; 140; 466.0
1; 140; 467.0
1; 140; 467.0
1; 140; 467.0
1; 140; 467.0
1; 140; 467.0
1; 140; 467.0
1; 140; 468.0
1; 140; 469.0
1; 140; 469.0
1; 140; 469.0
1; 140; 469.0
1; 140; 470.0
1; 140; 470.0
1; 140; 470.0
1; 140; 470.0
1; 140; 470.0
1; 140; 470.0
1; 140; 470.0
1; 140; 471.0
1; 140; 471.0
1; 140; 471.0
1; 140; 471.0
1; 140; 471.0
1; 140; 471.0
1; 140; 471.0
1; 140; 472.0
1; 140; 472.0
1; 140; 472.0
1; 140; 472.0
1; 140; 473.0
1; 140; 473.0
1; 140; 473.0
1; 140; 473.0
1; 140; 474.0
1; 140; 475.0
1; 140; 476.0
1; 140; 476.0
1; 140; 477.0
1; 140; 478.0
1; 140; 479.0
1; 140; 479.0
1; 140; 479.0
1; 140; 481.0
1; 140; 482.0
1; 140; 482.0
1; 140; 490.0
1; 150; 444.0
1; 150; 445.0
1; 150; 446.0
1; 150; 446.0
1; 150; 446.0
1; 150; 447.0
1; 150; 447.0
1; 150; 447.0
1; 150; 448.0
1; 150; 448.0
1; 150; 449.0
1; 150; 449.0
1; 150; 449.0
1; 150; 449.0
1; 150; 449.0
1; 150; 449.0
1; 150; 450.0
1; 150; 450.0
1; 150; 450.0
1; 150; 450.0
1; 150; 450.0
1; 150; 450.0
1; 150; 451.0
1; 150; 451.0
1; 150; 451.0
1; 150; 451.0
1; 150; 451.0
1; 150; 451.0
1; 150; 452.0
1; 150; 452.0
1; 150; 452.0
1; 150; 453.0
1; 150; 453.0
1; 150; 454.0
1; 150; 455.0
1; 150; 455.0
1; 150; 455.0
1; 150; 455.0
1; 150; 456.0
1; 150; 456.0
1; 150; 461.0
1; 150; 461.0
1; 150; 461.0
1; 150; 462.0
1; 150; 463.0
1; 150; 464.0
1; 150; 464.0
1; 150; 465.0
1; 150; 466.0
1; 150; 475.0
1; 160; 432.0
1; 160; 433.0
1; 160; 433.0
1; 160; 434.0
1; 160; 434.0
1; 160; 434.0
1; 160; 434.0
1; 160; 434.0
1; 160; 435.0
1; 160; 435.0
1; 160; 435.0
1; 160; 436.0
1; 160; 436.0
1; 160; 436.0
1; 160; 436.0
1; 160; 437.0
1; 160; 437.0
1; 160; 437.0
1; 160; 437.0
1; 160; 437.0
1; 160; 437.0
1; 160; 440.0
1; 160; 440.0
1; 160; 440.0
1; 160; 440.0
1; 160; 440.0
1; 160; 440.0
1; 160; 440.0
1; 160; 440.0
1; 160; 441.0
1; 160; 442.0
1; 160; 442.0
1; 160; 442.0
1; 160; 443.0
1; 160; 443.0
1; 160; 444.0
1; 160; 445.0
1; 160; 446.0
1; 160; 446.0
1; 160; 447.0
1; 160; 447.0
1; 160; 448.0
1; 160; 449.0
1; 160; 450.0
1; 160; 450.0
1; 160; 452.0
1; 160; 453.0
1; 160; 456.0
1; 160; 457.0
1; 160; 463.0
1; 170; 412.0
1; 170; 413.0
1; 170; 413.0
1; 170; 413.0
1; 170; 413.0
1; 170; 414.0
1; 170; 415.0
1; 170; 415.0
1; 170; 415.0
1; 170; 415.0
1; 170; 416.0
1; 170; 416.0
1; 170; 416.0
1; 170; 416.0
1; 170; 416.0
1; 170; 416.0
1; 170; 417.0
1; 170; 417.0
1; 170; 418.0
1; 170; 418.0
1; 170; 419.0
1; 170; 419.0
1; 170; 419.0
1; 170; 420.0
1; 170; 420.0
1; 170; 420.0
1; 170; 420.0
1; 170; 421.0
1; 170; 421.0
1; 170; 423.0
1; 170; 423.0
1; 170; 423.0
1; 170; 423.0
1; 170; 423.0
1; 170; 423.0
1; 170; 425.0
1; 170; 425.0
1; 170; 427.0
1; 170; 427.0
1; 170; 427.0
1; 170; 428.0
1; 170; 428.0
1; 170; 429.0
1; 170; 431.0
1; 170; 432.0
1; 170; 433.0
1; 170; 435.0
1; 170; 436.0
1; 170; 438.0
1; 170; 448.0
1; 180; 392.0
1; 180; 396.0
1; 180; 396.0
1; 180; 397.0
1; 180; 397.0
1; 180; 397.0
1; 180; 398.0
1; 180; 399.0
1; 180; 399.0
1; 180; 399.0
1; 180; 399.0
1; 180; 400.0
1; 180; 400.0
1; 180; 400.0
1; 180; 400.0
1; 180; 401.0
1; 180; 401.0
1; 180; 401.0
1; 180; 401.0
1; 180; 401.0
1; 180; 402.0
1; 180; 402.0
1; 180; 402.0
1; 180; 403.0
1; 180; 403.0
1; 180; 403.0
1; 180; 403.0
1; 180; 404.0
1; 180; 404.0
1; 180; 404.0
1; 180; 404.0
1; 180; 404.0
1; 180; 405.0
1; 180; 405.0
1; 180; 405.0
1; 180; 405.0
1; 180; 405.0
1; 180; 406.0
1; 180; 407.0
1; 180; 407.0
1; 180; 409.0
1; 180; 409.0
1; 180; 410.0
1; 180; 412.0
1; 180; 412.0
1; 180; 413.0
1; 180; 414.0
1; 180; 414.0
1; 180; 416.0
1; 180; 420.0
1; 190; 374.0
1; 190; 374.0
1; 190; 375.0
1; 190; 376.0
1; 190; 377.0
1; 190; 377.0
1; 190; 377.0
1; 190; 377.0
1; 190; 377.0
1; 190; 377.0
1; 190; 378.0
1; 190; 379.0
1; 190; 379.0
1; 190; 380.0
1; 190; 380.0
1; 190; 380.0
1; 190; 381.0
1; 190; 381.0
1; 190; 381.0
1; 190; 381.0
1; 190; 381.0
1; 190; 382.0
1; 190; 383.0
1; 190; 383.0
1; 190; 383.0
1; 190; 384.0
1; 190; 384.0
1; 190; 384.0
1; 190; 384.0
1; 190; 386.0
1; 190; 386.0
1; 190; 387.0
1; 190; 388.0
1; 190; 388.0
1; 190; 388.0
1; 190; 388.0
1; 190; 389.0
1; 190; 389.0
1; 190; 389.0
1; 190; 390.0
1; 190; 390.0
1; 190; 390.0
1; 190; 391.0
1; 190; 391.0
1; 190; 392.0
1; 190; 394.0
1; 190; 401.0
1; 190; 409.0
1; 190; 409.0
1; 190; 418.0
1; 200; 359.0
1; 200; 360.0
1; 200; 360.0
1; 200; 361.0
1; 200; 361.0
1; 200; 362.0
1; 200; 363.0
1; 200; 363.0
1; 200; 364.0
1; 200; 364.0
1; 200; 365.0
1; 200; 365.0
1; 200; 365.0
1; 200; 365.0
1; 200; 365.0
1; 200; 365.0
1; 200; 366.0
1; 200; 366.0
1; 200; 366.0
1; 200; 366.0
1; 200; 367.0
1; 200; 367.0
1; 200; 368.0
1; 200; 369.0
1; 200; 369.0
1; 200; 370.0
1; 200; 370.0
1; 200; 370.0
1; 200; 370.0
1; 200; 370.0
1; 200; 371.0
1; 200; 371.0
1; 200; 373.0
1; 200; 373.0
1; 200; 374.0
1; 200; 374.0
1; 200; 374.0
1; 200; 375.0
1; 200; 375.0
1; 200; 377.0
1; 200; 378.0
1; 200; 379.0
1; 200; 379.0
1; 200; 380.0
1; 200; 380.0
1; 200; 382.0
1; 200; 382.0
1; 200; 382.0
1; 200; 383.0
1; 200; 384.0
1; 210; 340.0
1; 210; 340.0
1; 210; 340.0
1; 210; 340.0
1; 210; 341.0
1; 210; 341.0
1; 210; 342.0
1; 210; 342.0
1; 210; 342.0
1; 210; 342.0
1; 210; 342.0
1; 210; 342.0
1; 210; 342.0
1; 210; 342.0
1; 210; 343.0
1; 210; 343.0
1; 210; 343.0
1; 210; 343.0
1; 210; 343.0
1; 210; 343.0
1; 210; 343.0
1; 210; 343.0
1; 210; 343.0
1; 210; 343.0
1; 210; 343.0
1; 210; 344.0
1; 210; 344.0
1; 210; 344.0
1; 210; 344.0
1; 210; 345.0
1; 210; 345.0
1; 210; 346.0
1; 210; 346.0
1; 210; 348.0
1; 210; 348.0
1; 210; 349.0
1; 210; 350.0
1; 210; 351.0
1; 210; 352.0
1; 210; 352.0
1; 210; 352.0
1; 210; 352.0
1; 210; 353.0
1; 210; 353.0
1; 210; 354.0
1; 210; 355.0
1; 210; 356.0
1; 210; 357.0
1; 210; 358.0
1; 210; 364.0
1; 220; 323.0
1; 220; 324.0
1; 220; 324.0
1; 220; 324.0
1; 220; 325.0
1; 220; 326.0
1; 220; 326.0
1; 220; 326.0
1; 220; 327.0
1; 220; 327.0
1; 220; 328.0
1; 220; 328.0
1; 220; 329.0
1; 220; 329.0
1; 220; 329.0
1; 220; 329.0
1; 220; 329.0
1; 220; 329.0
1; 220; 330.0
1; 220; 330.0
1; 220; 330.0
1; 220; 330.0
1; 220; 330.0
1; 220; 331.0
1; 220; 331.0
1; 220; 331.0
1; 220; 331.0
1; 220; 331.0
1; 220; 331.0
1; 220; 331.0
1; 220; 332.0
1; 220; 332.0
1; 220; 333.0
1; 220; 334.0
1; 220; 334.0
1; 220; 335.0
1; 220; 335.0
1; 220; 335.0
1; 220; 336.0
1; 220; 336.0
1; 220; 336.0
1; 220; 339.0
1; 220; 339.0
1; 220; 340.0
1; 220; 343.0
1; 220; 343.0
1; 220; 343.0
1; 220; 344.0
1; 220; 345.0
1; 220; 345.0
1; 230; 296.0
1; 230; 298.0
1; 230; 299.0
1; 230; 299.0
1; 230; 300.0
1; 230; 300.0
1; 230; 300.0
1; 230; 302.0
1; 230; 302.0
1; 230; 302.0
1; 230; 302.0
1; 230; 302.0
1; 230; 303.0
1; 230; 303.0
1; 230; 303.0
1; 230; 303.0
1; 230; 303.0
1; 230; 303.0
1; 230; 304.0
1; 230; 304.0
1; 230; 305.0
1; 230; 305.0
1; 230; 306.0
1; 230; 306.0
1; 230; 307.0
1; 230; 307.0
1; 230; 307.0
1; 230; 308.0
1; 230; 308.0
1; 230; 309.0
1; 230; 309.0
1; 230; 309.0
1; 230; 309.0
1; 230; 309.0
1; 230; 310.0
1; 230; 310.0
1; 230; 310.0
1; 230; 310.0
1; 230; 312.0
1; 230; 312.0
1; 230; 313.0
1; 230; 314.0
1; 230; 315.0
1; 230; 316.0
1; 230; 317.0
1; 230; 317.0
1; 230; 317.0
1; 230; 317.0
1; 230; 318.0
1; 230; 323.0
1; 240; 269.0
1; 240; 271.0
1; 240; 272.0
1; 240; 273.0
1; 240; 273.0
1; 240; 273.0
1; 240; 273.0
1; 240; 274.0
1; 240; 274.0
1; 240; 275.0
1; 240; 275.0
1; 240; 275.0
1; 240; 276.0
1; 240; 276.0
1; 240; 276.0
1; 240; 276.0
1; 240; 276.0
1; 240; 276.0
1; 240; 277.0
1; 240; 277.0
1; 240; 277.0
1; 240; 278.0
1; 240; 278.0
1; 240; 278.0
1; 240; 278.0
1; 240; 280.0
1; 240; 281.0
1; 240; 282.0
1; 240; 283.0
1; 240; 283.0
1; 240; 283.0
1; 240; 283.0
1; 240; 284.0
1; 240; 284.0
1; 240; 284.0
1; 240; 285.0
1; 240; 285.0
1; 240; 285.0
1; 240; 285.0
1; 240; 286.0
1; 240; 288.0
1; 240; 288.0
1; 240; 289.0
1; 240; 290.0
1; 240; 291.0
1; 240; 291.0
1; 240; 291.0
1; 240; 292.0
1; 240; 295.0
1; 240; 295.0
1; 250; 258.0
1; 250; 258.0
1; 250; 258.0
1; 250; 259.0
1; 250; 259.0
1; 250; 260.0
1; 250; 260.0
1; 250; 260.0
1; 250; 260.0
1; 250; 261.0
1; 250; 261.0
1; 250; 261.0
1; 250; 261.0
1; 250; 261.0
1; 250; 262.0
1; 250; 262.0
1; 250; 262.0
1; 250; 262.0
1; 250; 262.0
1; 250; 262.0
1; 250; 262.0
1; 250; 262.0
1; 250; 262.0
1; 250; 263.0
1; 250; 263.0
1; 250; 264.0
1; 250; 264.0
1; 250; 264.0
1; 250; 264.0
1; 250; 264.0
1; 250; 266.0
1; 250; 266.0
1; 250; 267.0
1; 250; 267.0
1; 250; 268.0
1; 250; 268.0
1; 250; 268.0
1; 250; 268.0
1; 250; 269.0
1; 250; 270.0
1; 250; 271.0
1; 250; 271.0
1; 250; 272.0
1; 250; 273.0
1; 250; 273.0
1; 250; 273.0
1; 250; 274.0
1; 250; 274.0
1; 250; 279.0
1; 250; 292.0
1; 260; 250.0
1; 260; 252.0
1; 260; 252.0
1; 260; 252.0
1; 260; 253.0
1; 260; 253.0
1; 260; 253.0
1; 260; 253.0
1; 260; 254.0
1; 260; 254.0
1; 260; 254.0
1; 260; 254.0
1; 260; 254.0
1; 260; 255.0
1; 260; 255.0
1; 260; 255.0
1; 260; 255.0
1; 260; 256.0
1; 260; 257.0
1; 260; 257.0
1; 260; 257.0
1; 260; 257.0
1; 260; 258.0
1; 260; 258.0
1; 260; 258.0
1; 260; 260.0
1; 260; 260.0
1; 260; 260.0
1; 260; 261.0
1; 260; 261.0
1; 260; 261.0
1; 260; 262.0
1; 260; 263.0
1; 260; 263.0
1; 260; 264.0
1; 260; 264.0
1; 260; 265.0
1; 260; 265.0
1; 260; 267.0
1; 260; 268.0
1; 260; 268.0
1; 260; 269.0
1; 260; 270.0
1; 260; 270.0
1; 260; 272.0
1; 260; 273.0
1; 260; 274.0
1; 260; 276.0
1; 260; 279.0
1; 260; 285.0
1; 150; 428.0
1; 150; 429.0
1; 150; 429.0
1; 150; 430.0
1; 150; 431.0
1; 150; 431.0
1; 150; 431.0
1; 150; 432.0
1; 150; 432.0
1; 150; 432.0
1; 150; 433.0
1; 150; 433.0
1; 150; 433.0
1; 150; 433.0
1; 150; 433.0
1; 150; 433.0
1; 150; 433.0
1; 150; 433.0
1; 150; 434.0
1; 150; 434.0
1; 150; 434.0
1; 150; 434.0
1; 150; 434.0
1; 150; 435.0
1; 150; 435.0
1; 150; 435.0
1; 150; 436.0
1; 150; 436.0
1; 150; 436.0
1; 150; 437.0
1; 150; 437.0
1; 150; 437.0
1; 150; 439.0
1; 150; 440.0
1; 150; 441.0
1; 150; 442.0
1; 150; 442.0
1; 150; 442.0
1; 150; 443.0
1; 150; 444.0
1; 150; 444.0
1; 150; 444.0
1; 150; 444.0
1; 150; 445.0
1; 150; 447.0
1; 150; 447.0
1; 150; 447.0
1; 150; 447.0
1; 150; 448.0
1; 150; 448.0
1; 150; 449.0
1; 150; 451.0
1; 150; 462.0
1; 70; 670.0
1; 70; 670.0
1; 70; 670.0
1; 70; 671.0
1; 70; 671.0
1; 70; 671.0
1; 70; 672.0
1; 70; 672.0
1; 70; 672.0
1; 70; 673.0
1; 70; 673.0
1; 70; 674.0
1; 70; 674.0
1; 70; 674.0
1; 70; 674.0
1; 70; 674.0
1; 70; 674.0
1; 70; 674.0
1; 70; 674.0
1; 70; 674.0
1; 70; 675.0
1; 70; 675.0
1; 70; 675.0
1; 70; 675.0
1; 70; 675.0
1; 70; 675.0
1; 70; 675.0
1; 70; 675.0
1; 70; 675.0
1; 70; 676.0
1; 70; 676.0
1; 70; 676.0
1; 70; 676.0
1; 70; 677.0
1; 70; 677.0
1; 70; 678.0
1; 70; 678.0
1; 70; 679.0
1; 70; 682.0
1; 70; 682.0
1; 70; 683.0
1; 70; 683.0
1; 70; 683.0
1; 70; 684.0
1; 70; 684.0
1; 70; 684.0
1; 70; 685.0
1; 70; 685.0
1; 70; 686.0
1; 70; 688.0
1; 70; 689.0
1; 70; 698.0
1; 70; 700.0
1; 80; 625.0
1; 80; 626.0
1; 80; 627.0
1; 80; 627.0
1; 80; 627.0
1; 80; 628.0
1; 80; 628.0
1; 80; 628.0
1; 80; 628.0
1; 80; 628.0
1; 80; 628.0
1; 80; 628.0
1; 80; 629.0
1; 80; 629.0
1; 80; 629.0
1; 80; 630.0
1; 80; 630.0
1; 80; 630.0
1; 80; 630.0
1; 80; 630.0
1; 80; 631.0
1; 80; 631.0
1; 80; 632.0
1; 80; 632.0
1; 80; 632.0
1; 80; 633.0
1; 80; 633.0
1; 80; 633.0
1; 80; 633.0
1; 80; 633.0
1; 80; 633.0
1; 80; 634.0
1; 80; 634.0
1; 80; 634.0
1; 80; 634.0
1; 80; 635.0
1; 80; 635.0
1; 80; 636.0
1; 80; 636.0
1; 80; 637.0
1; 80; 638.0
1; 80; 640.0
1; 80; 640.0
1; 80; 640.0
1; 80; 641.0
1; 80; 641.0
1; 80; 643.0
1; 80; 645.0
1; 80; 647.0
1; 80; 647.0
1; 80; 654.0
1; 90; 582.0
1; 90; 584.0
1; 90; 584.0
1; 90; 585.0
1; 90; 586.0
1; 90; 586.0
1; 90; 587.0
1; 90; 588.0
1; 90; 588.0
1; 90; 588.0
1; 90; 589.0
1; 90; 589.0
1; 90; 589.0
1; 90; 590.0
1; 90; 590.0
1; 90; 590.0
1; 90; 591.0
1; 90; 591.0
1; 90; 591.0
1; 90; 591.0
1; 90; 591.0
1; 90; 592.0
1; 90; 592.0
1; 90; 592.0
1; 90; 593.0
1; 90; 593.0
1; 90; 593.0
1; 90; 593.0
1; 90; 593.0
1; 90; 594.0
1; 90; 594.0
1; 90; 594.0
1; 90; 595.0
1; 90; 595.0
1; 90; 596.0
1; 90; 596.0
1; 90; 596.0
1; 90; 596.0
1; 90; 597.0
1; 90; 597.0
1; 90; 597.0
1; 90; 598.0
1; 90; 600.0
1; 90; 601.0
1; 90; 602.0
1; 90; 602.0
1; 90; 603.0
1; 90; 610.0
1; 90; 612.0
1; 90; 615.0
1; 90; 623.0
1; 160; 412.0
1; 160; 413.0
1; 160; 413.0
1; 160; 413.0
1; 160; 414.0
1; 160; 414.0
1; 160; 414.0
1; 160; 414.0
1; 160; 414.0
1; 160; 414.0
1; 160; 414.0
1; 160; 414.0
1; 160; 415.0
1; 160; 415.0
1; 160; 415.0
1; 160; 415.0
1; 160; 415.0
1; 160; 415.0
1; 160; 415.0
1; 160; 415.0
1; 160; 416.0
1; 160; 416.0
1; 160; 416.0
1; 160; 417.0
1; 160; 417.0
1; 160; 418.0
1; 160; 418.0
1; 160; 419.0
1; 160; 419.0
1; 160; 419.0
1; 160; 419.0
1; 160; 420.0
1; 160; 420.0
1; 160; 421.0
1; 160; 421.0
1; 160; 421.0
1; 160; 423.0
1; 160; 423.0
1; 160; 423.0
1; 160; 424.0
1; 160; 424.0
1; 160; 424.0
1; 160; 425.0
1; 160; 426.0
1; 160; 427.0
1; 160; 427.0
1; 160; 428.0
1; 160; 428.0
1; 160; 429.0
1; 160; 429.0
1; 160; 430.0
1; 160; 431.0
1; 160; 439.0
1; 170; 387.0
1; 170; 387.0
1; 170; 387.0
1; 170; 388.0
1; 170; 388.0
1; 170; 388.0
1; 170; 388.0
1; 170; 388.0
1; 170; 388.0
1; 170; 388.0
1; 170; 389.0
1; 170; 389.0
1; 170; 389.0
1; 170; 389.0
1; 170; 390.0
1; 170; 390.0
1; 170; 390.0
1; 170; 390.0
1; 170; 390.0
1; 170; 390.0
1; 170; 391.0
1; 170; 391.0
1; 170; 391.0
1; 170; 391.0
1; 170; 391.0
1; 170; 391.0
1; 170; 391.0
1; 170; 391.0
1; 170; 391.0
1; 170; 392.0
1; 170; 392.0
1; 170; 393.0
1; 170; 393.0
1; 170; 395.0
1; 170; 395.0
1; 170; 395.0
1; 170; 396.0
1; 170; 396.0
1; 170; 398.0
1; 170; 399.0
1; 170; 399.0
1; 170; 399.0
1; 170; 399.0
1; 170; 399.0
1; 170; 400.0
1; 170; 401.0
1; 170; 404.0
1; 170; 404.0
1; 170; 405.0
1; 170; 405.0
1; 170; 421.0
1; 170; 423.0
1; 200; 305.0
1; 200; 305.0
1; 200; 306.0
1; 200; 306.0
1; 200; 306.0
1; 200; 306.0
1; 200; 306.0
1; 200; 307.0
1; 200; 307.0
1; 200; 308.0
1; 200; 308.0
1; 200; 308.0
1; 200; 308.0
1; 200; 309.0
1; 200; 309.0
1; 200; 309.0
1; 200; 310.0
1; 200; 310.0
1; 200; 310.0
1; 200; 310.0
1; 200; 310.0
1; 200; 310.0
1; 200; 310.0
1; 200; 311.0
1; 200; 311.0
1; 200; 311.0
1; 200; 311.0
1; 200; 312.0
1; 200; 313.0
1; 200; 313.0
1; 200; 313.0
1; 200; 314.0
1; 200; 314.0
1; 200; 314.0
1; 200; 315.0
1; 200; 316.0
1; 200; 316.0
1; 200; 317.0
1; 200; 317.0
1; 200; 318.0
1; 200; 318.0
1; 200; 319.0
1; 200; 319.0
1; 200; 320.0
1; 200; 320.0
1; 200; 321.0
1; 200; 322.0
1; 200; 324.0
1; 200; 326.0
1; 200; 328.0
1; 200; 329.0
1; 200; 338.0
1; 200; 339.0
1; 230; 280.0
1; 230; 281.0
1; 230; 282.0
1; 230; 282.0
1; 230; 282.0
1; 230; 282.0
1; 230; 283.0
1; 230; 283.0
1; 230; 283.0
1; 230; 283.0
1; 230; 283.0
1; 230; 283.0
1; 230; 284.0
1; 230; 284.0
1; 230; 284.0
1; 230; 284.0
1; 230; 284.0
1; 230; 285.0
1; 230; 285.0
1; 230; 285.0
1; 230; 285.0
1; 230; 285.0
1; 230; 286.0
1; 230; 286.0
1; 230; 286.0
1; 230; 286.0
1; 230; 286.0
1; 230; 286.0
1; 230; 287.0
1; 230; 287.0
1; 230; 288.0
1; 230; 288.0
1; 230; 289.0
1; 230; 289.0
1; 230; 290.0
1; 230; 291.0
1; 230; 291.0
1; 230; 292.0
1; 230; 292.0
1; 230; 293.0
1; 230; 294.0
1; 230; 294.0
1; 230; 294.0
1; 230; 295.0
1; 230; 296.0
1; 230; 296.0
1; 230; 296.0
1; 230; 298.0
1; 230; 302.0
1; 230; 304.0
1; 230; 306.0
1; 230; 308.0
1; 230; 316.0
1; 270; 296.0
1; 270; 298.0
1; 270; 298.0
1; 270; 298.0
1; 270; 298.0
1; 270; 299.0
1; 270; 299.0
1; 270; 299.0
1; 270; 299.0
1; 270; 299.0
1; 270; 299.0
1; 270; 299.0
1; 270; 300.0
1; 270; 300.0
1; 270; 300.0
1; 270; 300.0
1; 270; 300.0
1; 270; 300.0
1; 270; 300.0
1; 270; 301.0
1; 270; 301.0
1; 270; 301.0
1; 270; 301.0
1; 270; 301.0
1; 270; 301.0
1; 270; 301.0
1; 270; 301.0
1; 270; 301.0
1; 270; 302.0
1; 270; 302.0
1; 270; 303.0
1; 270; 303.0
1; 270; 303.0
1; 270; 304.0
1; 270; 304.0
1; 270; 305.0
1; 270; 305.0
1; 270; 305.0
1; 270; 306.0
1; 270; 307.0
1; 270; 309.0
1; 270; 309.0
1; 270; 310.0
1; 270; 310.0
1; 270; 311.0
1; 270; 311.0
1; 270; 312.0
1; 270; 312.0
1; 270; 313.0
1; 270; 313.0
1; 270; 315.0
1; 270; 315.0
1; 270; 319.0
1; 270; 322.0
0; 280; 151.0
0; 280; 151.0
0; 280; 152.0
0; 280; 152.0
0; 280; 152.0
0; 280; 152.0
0; 280; 152.0
0; 280; 152.0
0; 280; 152.0
0; 280; 152.0
0; 280; 153.0
0; 280; 153.0
0; 280; 153.0
0; 280; 153.0
0; 280; 153.0
0; 280; 153.0
0; 280; 153.0
0; 280; 153.0
0; 280; 153.0
0; 280; 153.0
0; 280; 153.0
0; 280; 153.0
0; 280; 153.0
0; 280; 153.0
0; 280; 153.0
0; 280; 154.0
0; 280; 154.0
0; 280; 154.0
0; 280; 155.0
0; 280; 155.0
0; 280; 156.0
0; 280; 158.0
0; 280; 158.0
0; 280; 159.0
0; 280; 161.0
0; 280; 161.0
0; 280; 161.0
0; 280; 162.0
0; 280; 162.0
0; 280; 162.0
0; 280; 163.0
0; 280; 163.0
0; 280; 163.0
0; 280; 164.0
0; 280; 164.0
0; 280; 166.0
0; 280; 166.0
0; 280; 166.0
0; 280; 167.0
0; 280; 167.0
0; 280; 167.0
0; 280; 170.0
0; 280; 172.0
0; 280; 176.0
